Id,Tag
1,data
4,c#
4,winforms
4,type-conversion
4,decimal
4,opacity
6,html
6,css
6,css3
6,internet-explorer-7
8,c#
8,code-generation
8,j#
8,visualj#
9,c#
9,.net
9,datetime
11,c#
11,datetime
11,datediff
11,relative-time-span
13,javascript
13,html
13,browser
13,timezone
13,timezoneoffset
14,.net
16,c#
16,linq
16,web-services
16,.net-3.5
17,mysql
17,database
17,binary-data
17,data-storage
19,performance
19,algorithm
19,language-agnostic
19,unix
19,pi
23,php
24,mysql
24,database
24,triggers
25,c++
25,c
25,sockets
25,mainframe
25,zos
34,actionscript-3
34,flex
34,bytearray
36,sql
36,sql-server
36,datatable
36,rdbms
38,c#
38,vb.net
38,timer
39,c#
39,.net
39,vb.net
39,timer
40,c#
40,inversion-of-control
40,structuremap
40,alt.net
42,php
42,plugins
42,architecture
42,hook
48,html
48,form-submit
48,html-form
48,submit-button
59,c#
59,linq
59,.net-3.5
61,office-2007
61,file-type
66,linq
66,.net-3.5
72,ruby
72,rdoc
79,eclipse
79,svn
79,aptana
79,subclipse
80,flex
80,actionscript-3
80,air
85,php
85,sql
85,database
85,flat-file
88,linux
88,winapi
88,visual-c++
88,unix
88,timer
90,svn
90,tortoisesvn
90,branch
90,branching-and-merging
104,.net
104,performance
104,memory-leaks
104,com-interop
108,windows
108,svn
108,64bit
109,c#
109,sql
109,vb.net
109,ascii
109,hex
120,sql
120,asp.net
120,sitemap
123,java
123,xml
123,csv
123,data-conversion
126,java
126,php
126,oop
126,theory
129,mysql
129,sql-server
129,csv
129,sql-server-2005
129,bcp
134,.net
134,database
134,xsd
136,tools
136,website
136,sysadmin
136,webmaster
145,c#
145,.net
145,compression
145,decompression
146,php
146,apache
146,logging
146,download
146,analytics
163,.net
163,asp.net
163,svn
163,versioning
164,windows
164,embed
164,media
173,sql-server
173,database
173,svn
173,version-control
174,c#
174,html
174,web-services
174,printing
175,youtube
175,reverse-engineering
176,linux
176,apache
176,virtualhost
177,.net
177,pdf
180,algorithm
180,language-agnostic
180,colors
180,color-space
181,language-agnostic
181,coding-style
181,styles
181,convention
181,notation
192,c#
192,.net
192,asp.net
192,internationalization
192,globalization
194,sql-server
194,migration
196,search
203,linux
203,filesystems
203,ext3
203,zfs
208,stackoverflow
208,tags
217,t
225,hardware
225,hdd
227,php
227,arrays
227,cloud
227,tag-cloud
231,windows
231,mailto
234,mysql
234,sql-server
234,sql-server-2005
237,git
237,version-control
237,github
237,dvcs
246,.net
246,database
246,sqlite
249,php
249,forms
260,c#
260,.net
260,scripting
260,compiler-construction
263,c
263,linux
263,gtk
263,x11
264,c++
264,berkeley-db
265,svn
265,collaboration
270,stackoverflow
279,asp.net
279,visual-studio
279,svn
286,stackoverflow
286,css
286,belongs-on-uservoice
289,c#
289,sorting
289,dictionary
296,c
308,sql
308,database
308,oracle
308,version-control
313,.net
313,ruby
313,database
317,stackoverflow
317,reputation
328,security
328,php
330,c++
330,oop
330,class
330,nested-class
336,language-agnostic
336,types
337,python
337,xml
361,string
361,language-agnostic
361,cross-platform
369,ant
369,build-process
369,phing
371,email
371,email-spam
374,stackoverflow
374,hacking
374,game-development
382,java
382,generics
382,warnings
382,casting
382,type-safety
387,search
387,lucene
395,.net
395,vb.net
395,vb6
395,vb6-migration
402,iphone
402,objective-c
403,code-review
403,collaboration
409,code-review
409,guidelines
415,hash
415,exploit
415,gravatar
419,com
419,vb6
427,internet-explorer
427,windows-mobile
427,pocketpc
429,windows
429,windows-services
429,scheduled-tasks
437,language-agnostic
437,interview-questions
437,code-golf
437,rosetta-stone
437,fizzbuzz
438,ruby-on-rails
438,ruby
438,http
463,stackoverflow
463,openid
469,python
469,osx
469,fonts
469,photoshop
470,.net
470,web-services
482,c#
482,winforms
482,data-binding
484,html
484,css
484,design
487,c#
487,c++
487,c
487,linux
487,stackoverflow
498,stackoverflow
502,python
502,windows
502,image
502,pdf
505,stackoverflow
505,beta
514,ruby-on-rails
514,ruby
514,crash
523,untagged
535,python
535,continuous-integration
535,extreme-programming
543,stackoverflow
549,security
549,http
549,authentication
549,language-agnostic
549,article
553,hardware
559,language-agnostic
559,books
559,polls
561,unit-testing
561,language-agnostic
561,testing
562,c#
562,asp.net
562,medium-trust
564,c#
564,java
564,integer
564,int
580,sql-server
580,sql-server-2005
580,deployment
580,release-management
588,php
588,windows
588,exchange-server
588,webdav
588,mapi
592,python
592,sql
592,database
592,oracle
592,cx-oracle
594,python
594,sql
594,database
594,oracle
594,cx-oracle
601,c#
601,c++
601,random
609,c++
609,visual-studio
609,compatibility
609,windows-nt
610,gui
610,language-agnostic
610,api
610,application
622,performance
622,algorithm
622,primes
624,git
626,ruby
626,lambda
626,proc
630,stackoverflow
630,belongs-on-uservoice
630,meta-question
634,stackoverflow
643,linux
643,compiz
643,metacity
644,sql
644,database
650,c#
650,visual-studio
650,versioning
651,asp.net
651,iis
651,authentication
651,active-directory
657,php
657,encryption
657,passwords
659,linux
659,open-source
659,operating-system
664,open-source
672,java
672,build-process
677,stackoverflow
683,python
683,arrays
683,iteration
687,keyboard
687,hardware
687,productivity
687,peripherals
696,php
696,database
696,odbc
696,db2
696,ibm-midrange
698,python
698,ide
698,code-completion
698,wing-ide
705,.net
705,database
705,embedded-database
709,c#
709,.net
709,visual-studio
709,unit-testing
717,.net
717,sql-server-2005
717,oledb
717,legacy
717,visual-foxpro
721,stackoverflow
728,asp.net
728,mapping
728,gis
729,stackoverflow
736,stackoverflow
742,python
742,django
742,views
742,oop
746,string
746,language-agnostic
746,format
746,title-case
752,c#
752,.net
752,performance
752,reflection
760,language-agnostic
760,algorithm
760,simulation
760,poker
760,montecarlo
761,.net
761,internationalization
761,date
761,globalization
766,python
766,mysql
766,postgresql
766,bpgsql
769,math
769,linear-algebra
769,system
769,linear-equation
773,python
773,iteration
779,stackoverflow
800,database
800,oop
800,object-database
805,asp-classic
805,sftp
810,windows
810,visual-studio
810,registry
810,installation
826,algorithm
826,language-agnostic
832,c#
832,linq
832,left-join
833,sql-server
833,database
835,msbuild
835,cruisecontrol.net
842,php
842,unit-testing
845,javascript
845,html
845,css
845,fonts
854,keyboard
854,dvorak
854,qwerty
854,colemak
855,visual-studio
855,xslt
855,documentation
855,sandcastle
855,xml-comments
871,svn
871,git
879,php
879,variables
879,pass-by-reference
879,pass-by-value
888,php
888,eclipse
888,debugging
888,phpstorm
888,xdebug
898,language-agnostic
898,unicode
898,localization
898,internationalization
899,svn
899,osx
904,html
904,css
904,text
905,sql-server
905,sql-server-2005
905,windows-server-2003
913,javascript
913,frameworks
913,polls
918,python
930,c#
930,database
930,loops
930,connection
935,string
935,postgresql
935,escaping
941,stackoverflow
941,social
941,irc
944,c#
944,.net
944,exception
944,exception-handling
947,vb6
954,stackoverflow
959,conferences
969,social
969,twitter
972,python
972,oop
972,methods
972,monkeypatching
987,stackoverflow
987,openid
987,cookies
987,yahoo
999,stackoverflow
1005,linux
1005,unix
1005,vi
1010,c#
1010,asp.net
1013,math
1024,ruby-on-rails
1024,ruby
1024,exception
1024,plugins
1033,ip
1033,lookup
1033,country
1035,stackoverflow
1035,gravatar
1035,belongs-on-uservoice
1037,c#
1037,winforms
1037,flash
1037,adobe
1037,macromedia
1040,c#
1040,file-locking
1041,c++
1041,regex
1042,sql
1042,sql-server
1042,sql-server-2005
1042,indexing
1042,full-text-search
1053,math
1053,language-agnostic
1053,floating-point
1064,language-agnostic
1064,opengl
1064,3d
1064,directx
1068,stackoverflow
1068,sofaq
1068,tags
1068,folksonomy
1068,tagclouds
1069,c++
1069,windows
1069,multithreading
1069,debugging
1069,memory
1070,unix
1070,size
1075,stackoverflow
1075,hacking
1075,abuse
1083,artificial-intelligence
1083,email-spam
1083,bayesian
1085,.net
1085,free
1085,ocr
1094,stackoverflow
1099,stackoverflow
1104,c++
1104,exception
1104,try-catch
1108,sql
1108,database
1108,performance
1108,indexing
1108,database-indexes
1122,stackoverflow
1122,openid
1122,account
1131,windows
1131,language-agnostic
1131,chm
1131,winhelp
1145,c
1145,malloc
1156,sql
1156,database
1156,indexing
1160,svn
1160,msbuild
1160,cruisecontrol.net
1171,python
1171,data-structures
1171,performance
1171,graph
1176,ruby
1176,open-source
1180,web-applications
1180,dns
1180,subdomain
1180,account
1189,c#
1189,.net
1189,safari
1189,viewstate
1196,stackoverflow
1205,stackoverflow
1209,stackoverflow
1211,stackoverflow
1211,hacks
1229,hyperlink
1229,powerpoint
1234,csla
1234,training-events
1237,regex
1237,parsing
1241,c#
1241,c++
1241,sockets
1245,stackoverflow
1261,svn
1261,version-control
1261,cvs
1276,mysql
1276,database
1276,database-performance
1280,stackoverflow
1280,etiquette
1280,meta
1284,sql
1284,xss
1284,sql-injection
1292,.net
1292,collections
1292,queue
1300,.net
1300,.net-3.5
1300,msbuild
1300,nant
1304,c#
1304,.net
1304,io
1304,filelock
1306,ruby
1306,unix
1306,curses
1311,c
1311,audio
1311,rockbox
1313,language-agnostic
1313,colors
1314,msbuild
1314,build-process
1314,cruisecontrol.net
1323,algorithm
1323,language-agnostic
1323,colors
1329,windows
1329,file
1329,filesystems
1329,utilities
1352,gtd
1365,stackoverflow
1376,flex
1376,air
1383,unit-testing
1383,glossary
1384,.net
1384,nhibernate
1384,orm
1384,subsonic
1387,.net
1387,parallel-processing
1390,sql-server
1390,windows-server-2008
1401,asp.net
1401,javascript
1401,validation
1406,stackoverflow
1406,iphone
1406,ipodtouch
1408,php
1408,apache
1408,xampp
1408,server-configuration
1409,asp.net
1409,iis
1417,php
1417,apache
1417,authentication
1417,http-authentication
1439,stackoverflow
1439,reputation
1451,sql
1451,permissions
1453,php
1453,parameters
1453,error-handling
1457,ajax
1457,url
1457,rest
1457,address-bar
1469,stackoverflow
1476,python
1476,syntax
1476,binary
1476,integer
1476,literals
1496,osx
1496,vim
1496,emacs
1496,editor
1503,visual-studio
1503,unit-testing
1503,continuous-integration
1503,cruisecontrol.net
1505,iphone
1505,html
1505,favicon
1505,apple-touch-icon
1508,version-control
1508,dvcs
1510,stackoverflow
1510,openid
1528,c#
1528,wpf
1528,silverlight
1528,polymorphism
1528,dependency-properties
1535,c#
1535,exception
1535,error-handling
1537,software-engineering
1541,php
1541,html
1541,wordpress
1541,tools
1541,blogs
1542,code-review
1551,oop
1551,class
1551,education
1569,asp.net
1569,visual-studio
1569,books
1574,linux
1574,gui
1574,ssh
1574,gtk
1576,linux
1576,bash
1576,unix
1576,shell
1584,windows
1584,iis
1584,shell
1584,command-line
1584,terminal
1598,iphone
1598,favicon
1598,apple-touch-icon
1600,sql-server
1600,sql-server-2008
1607,php
1607,mysql
1607,database
1607,svn
1607,migration
1610,sql-server
1612,hardware
1612,usb
1612,sata
1615,ruby
1615,language-agnostic
1615,xfdl
1623,visual-studio
1623,design
1623,projects-and-solutions
1625,windows
1625,xml
1625,linux
1626,stackoverflow
1626,http-status-code-404
1631,stackoverflow
1631,jeff-atwood
1637,stackoverflow
1637,badge
1637,reputation
1644,podcast
1668,removed
1669,compiler-construction
1669,language-agnostic
1679,statistics
1679,spss
1680,duplicate
1683,asp.net
1683,profile
1685,stackoverflow
1705,security
1705,xss
1708,shockwave
1708,lingo
1709,web-services
1709,application-integration
1711,resources
1714,stackoverflow
1714,security
1714,passwords
1734,python
1734,xml
1734,database
1734,protocol-buffers
1740,arrays
1744,.net
1744,alt.net
1746,php
1746,regex
1746,html-parsing
1746,preg-replace
1757,outsourcing
1760,c#
1760,.net
1760,unit-testing
1760,testing
1762,php
1762,ternary-operator
1763,stackoverflow
1763,reputation
1763,community
1766,html
1766,css
1766,editor
1790,svn
1790,version-control
1791,stackoverflow
1800,free
1802,stackoverflow
1802,meta
1823,gui
1823,language-agnostic
1823,simulation
1823,conways-game-of-life
1829,python
1831,development-environment
1831,scheduling
1831,organizing
1836,c#
1836,winapi
1836,mouse
1839,search
1848,c#
1848,image
1848,image-processing
1848,artificial-intelligence
1854,python
1855,stackoverflow
1855,meta
1869,sql-server
1869,database
1869,documentation
1869,data-dictionary
1873,asp.net
1873,javascript
1873,anchor
1873,quotes
1882,music
1882,trolling
1882,random
1898,c#
1898,vb.net
1898,file
1898,csv
1898,import
1908,math
1908,maps
1908,mapping
1908,latitude-longitude
1915,ergonomics
1915,health
1915,rsi
1915,carpal-tunnel
1916,stackoverflow
1929,keyboard
1929,ergonomics
1933,productivity
1933,self-improvement
1935,flex
1935,flash
1936,c#
1936,asp.net-mvc
1939,iphone
1939,objective-c
1939,ios
1939,osx
1946,stackoverflow
1949,asp.net
1949,.net
1949,linq-to-sql
1949,datacontext
1965,stackoverflow
1965,reputation
1970,sql
1970,database
1970,postgresql
1970,stored-procedures
1970,triggers
1973,python
1973,sql
1973,database
1973,security
1973,sql-injection
1982,c++
1982,performance
1982,cpu
1982,throttle
1983,python
1983,list
1983,tuples
1988,macros
1988,lisp
1994,c#
1994,data-binding
1995,c#
1995,.net
1995,double
1995,int
1999,svn
1999,language-agnostic
1999,cvs
1999,project-hosting
2018,sql
2018,sql-server
2018,training
2027,language-agnostic